content_id,platform,format,published_at,observed_at,evaluation_after_days,views,watch_time_minutes,leads,hook_type,archetype,cta
hist-long-001,youtube,long_form,2026-07-01T10:00:00+08:00,2026-07-08T10:00:00+08:00,7,2800,910,3,problem_first,build_in_public_explainer,service_or_khlim_interest
hist-long-002,youtube,long_form,2026-07-08T10:00:00+08:00,2026-07-15T10:00:00+08:00,7,3500,1050,4,problem_first,build_in_public_explainer,service_or_khlim_interest
hist-long-003,youtube,long_form,2026-07-15T10:00:00+08:00,2026-07-22T10:00:00+08:00,7,3000,980,2,story_first,build_in_public_explainer,watch_next
hist-long-004,youtube,long_form,2026-07-22T10:00:00+08:00,2026-07-29T10:00:00+08:00,7,3900,1210,5,problem_first,case_study,service_or_khlim_interest
hist-long-005,youtube,long_form,2026-07-29T10:00:00+08:00,2026-08-05T10:00:00+08:00,7,3200,1020,4,question_first,build_in_public_explainer,service_or_khlim_interest
hist-short-001,youtube,shorts,2026-08-01T18:30:00+08:00,2026-08-08T18:30:00+08:00,7,3600,175,1,curiosity_rule,build_in_public_micro_demo,watch_deeper_build
hist-short-002,youtube,shorts,2026-08-08T18:30:00+08:00,2026-08-15T18:30:00+08:00,7,5100,235,2,curiosity_rule,build_in_public_micro_demo,watch_deeper_build
hist-short-003,youtube,shorts,2026-08-15T18:30:00+08:00,2026-08-22T18:30:00+08:00,7,4400,205,1,problem_first,build_in_public_micro_demo,watch_deeper_build
hist-short-004,youtube,shorts,2026-08-22T18:30:00+08:00,2026-08-29T18:30:00+08:00,7,4000,190,2,curiosity_rule,feature_demo,profile_visit
